code,icd_version,harmonized_category,harmonized_category_name,classification_confidence
# Example rows (remove # to activate)
# 100A,ICD-2 (1911-1920),digestive,Diseases of the Digestive System,override
# 3A,ICD-2 (1911-1920),infectious_diseases,Infectious and Parasitic Diseases,override
1740.0,ICD-1 (1901-1910),ill_defined,"Symptoms, Signs and Ill-Defined Conditions",override
1800.0,ICD-1 (1901-1910),Homicide,Homicide and Assault,override
1880.0,ICD-1 (1901-1910),War,War and War-Related Deaths,override
1890.0,ICD-1 (1901-1910),Homicide,Homicide and Assault,override
1900.0,ICD-1 (1901-1910),Suicide,Suicide and Self-Inflicted Injury,override
1910.0,ICD-1 (1901-1910),Homicide,Homicide and Assault,override
590.0,ICD-1 (1901-1910),Drugs,Drug-Related Deaths,override
113B,ICD-2 (1911-1920),Legal Drugs,Legal Drug-Related Deaths,override
155,ICD-2 (1911-1920),Suicide,Suicide and Self-Inflicted Injury,override
156,ICD-2 (1911-1920),Suicide,Suicide and Self-Inflicted Injury,override
157,ICD-2 (1911-1920),Suicide,Suicide and Self-Inflicted Injury,override
158,ICD-2 (1911-1920),Suicide,Suicide and Self-Inflicted Injury,override
159,ICD-2 (1911-1920),Suicide,Suicide and Self-Inflicted Injury,override
160,ICD-2 (1911-1920),Suicide,Suicide and Self-Inflicted Injury,override
161,ICD-2 (1911-1920),Suicide,Suicide and Self-Inflicted Injury,override
162,ICD-2 (1911-1920),Suicide,Suicide and Self-Inflicted Injury,override
163,ICD-2 (1911-1920),Suicide,Suicide and Self-Inflicted Injury,override
170,ICD-2 (1911-1920),Homicide,Homicide and Assault,override
171,ICD-2 (1911-1920),Homicide,Homicide and Assault,override
182,ICD-2 (1911-1920),Homicide,Homicide and Assault,override
183,ICD-2 (1911-1920),Homicide,Homicide and Assault,override
184,ICD-2 (1911-1920),Homicide,Homicide and Assault,override
186,ICD-2 (1911-1920),War,War and War-Related Deaths,override
56,ICD-2 (1911-1920),Legal Drugs,Legal Drug-Related Deaths,override
190,ICD-3 (1921-1930),War,War and War-Related Deaths,override
122a,ICD-3 (1921-1930),Legal Drugs,Legal Drug-Related Deaths,override
66,ICD-3 (1921-1930),Legal Drugs,Legal Drug-Related Deaths,override
124(a),ICD-4 (1931-1939),Legal Drugs,Legal Drug-Related Deaths,override
124a,ICD-5 (1940-1949),Legal Drugs,Legal Drug-Related Deaths,override
77,ICD-5 (1940-1949),Legal Drugs,Legal Drug-Related Deaths,override
196,ICD-5 (1940-1949),War,War and War-Related Deaths,override
197,ICD-5 (1940-1949),War,War and War-Related Deaths,override
197,ICD-5 (1940-1949),Homicide,Homicide and Assault,override
9650,ICD-6 (1950-1957),War,War and War-Related Deaths,override
3070,ICD-6 (1950-1957),Legal Drugs,Legal Drug-Related Deaths,override
9700,ICD-6 (1950-1957),Suicide,Suicide and Self-Inflicted Injury,override
9710,ICD-6 (1950-1957),Suicide,Suicide and Self-Inflicted Injury,override
9720,ICD-6 (1950-1957),Suicide,Suicide and Self-Inflicted Injury,override
9730,ICD-6 (1950-1957),Suicide,Suicide and Self-Inflicted Injury,override
9740,ICD-6 (1950-1957),Suicide,Suicide and Self-Inflicted Injury,override
9750,ICD-6 (1950-1957),Suicide,Suicide and Self-Inflicted Injury,override
9760,ICD-6 (1950-1957),Suicide,Suicide and Self-Inflicted Injury,override
9770,ICD-6 (1950-1957),Suicide,Suicide and Self-Inflicted Injury,override
9780,ICD-6 (1950-1957),Suicide,Suicide and Self-Inflicted Injury,override
9790,ICD-6 (1950-1957),Suicide,Suicide and Self-Inflicted Injury,override
9800,ICD-6 (1950-1957),Homicide,Homicide and Assault,override
9810,ICD-6 (1950-1957),Homicide,Homicide and Assault,override
9820,ICD-6 (1950-1957),Homicide,Homicide and Assault,override
9830,ICD-6 (1950-1957),Homicide,Homicide and Assault,override
9840,ICD-6 (1950-1957),Homicide,Homicide and Assault,override
9950,ICD-6 (1950-1957),War,War and War-Related Deaths,override
9990,ICD-6 (1950-1957),War,War and War-Related Deaths,override
9640,ICD-7 (1958-1967),Homicide,Homicide and Assault,override
9650,ICD-7 (1958-1967),War,War and War-Related Deaths,override
9700,ICD-7 (1958-1967),Suicide,Suicide and Self-Inflicted Injury,override
9710,ICD-7 (1958-1967),Suicide,Suicide and Self-Inflicted Injury,override
9720,ICD-7 (1958-1967),Suicide,Suicide and Self-Inflicted Injury,override
9730,ICD-7 (1958-1967),Suicide,Suicide and Self-Inflicted Injury,override
9740,ICD-7 (1958-1967),Suicide,Suicide and Self-Inflicted Injury,override
9750,ICD-7 (1958-1967),Suicide,Suicide and Self-Inflicted Injury,override
9760,ICD-7 (1958-1967),Suicide,Suicide and Self-Inflicted Injury,override
9770,ICD-7 (1958-1967),Suicide,Suicide and Self-Inflicted Injury,override
9780,ICD-7 (1958-1967),Suicide,Suicide and Self-Inflicted Injury,override
9790,ICD-7 (1958-1967),Suicide,Suicide and Self-Inflicted Injury,override
9800,ICD-7 (1958-1967),Homicide,Homicide and Assault,override
9810,ICD-7 (1958-1967),Homicide,Homicide and Assault,override
9820,ICD-7 (1958-1967),Homicide,Homicide and Assault,override
9830,ICD-7 (1958-1967),Homicide,Homicide and Assault,override
3070,ICD-7 (1958-1967),Legal Drugs,Legal Drug-Related Deaths,override
3220,ICD-7 (1958-1967),Legal Drugs,Legal Drug-Related Deaths,override
3221,ICD-7 (1958-1967),Legal Drugs,Legal Drug-Related Deaths,override
3222,ICD-7 (1958-1967),Legal Drugs,Legal Drug-Related Deaths,override
3230,ICD-7 (1958-1967),Drugs,Drug-Related Deaths,override
9990,ICD-8 (1968-1978),War,War and War-Related Deaths,override
9930,ICD-9a (1979-1984),War,War and War-Related Deaths,override
9940,ICD-9a (1979-1984),War,War and War-Related Deaths,override
9990,ICD-9a (1979-1984),War,War and War-Related Deaths,override
9680,ICD-9a (1979-1984),Homicide,Homicide and Assault,override
9681,ICD-9a (1979-1984),Homicide,Homicide and Assault,override
9682,ICD-9a (1979-1984),Homicide,Homicide and Assault,override
9683,ICD-9a (1979-1984),Homicide,Homicide and Assault,override
9684,ICD-9a (1979-1984),Homicide,Homicide and Assault,override
9688,ICD-9a (1979-1984),Homicide,Homicide and Assault,override
9689,ICD-9a (1979-1984),Homicide,Homicide and Assault,override
9690,ICD-9a (1979-1984),Homicide,Homicide and Assault,override
9700,ICD-9a (1979-1984),Homicide,Homicide and Assault,override
9500,ICD-9a (1979-1984),Suicide,Suicide and Self-Inflicted Injury,override
9501,ICD-9a (1979-1984),Suicide,Suicide and Self-Inflicted Injury,override
9502,ICD-9a (1979-1984),Suicide,Suicide and Self-Inflicted Injury,override
9503,ICD-9a (1979-1984),Suicide,Suicide and Self-Inflicted Injury,override
9504,ICD-9a (1979-1984),Suicide,Suicide and Self-Inflicted Injury,override
9505,ICD-9a (1979-1984),Suicide,Suicide and Self-Inflicted Injury,override
9506,ICD-9a (1979-1984),Suicide,Suicide and Self-Inflicted Injury,override
9507,ICD-9a (1979-1984),Suicide,Suicide and Self-Inflicted Injury,override
9508,ICD-9a (1979-1984),Suicide,Suicide and Self-Inflicted Injury,override
9509,ICD-9a (1979-1984),Suicide,Suicide and Self-Inflicted Injury,override
9510,ICD-9a (1979-1984),Suicide,Suicide and Self-Inflicted Injury,override
9511,ICD-9a (1979-1984),Suicide,Suicide and Self-Inflicted Injury,override
9518,ICD-9a (1979-1984),Suicide,Suicide and Self-Inflicted Injury,override
9520,ICD-9a (1979-1984),Suicide,Suicide and Self-Inflicted Injury,override
9521,ICD-9a (1979-1984),Suicide,Suicide and Self-Inflicted Injury,override
9528,ICD-9a (1979-1984),Suicide,Suicide and Self-Inflicted Injury,override
9529,ICD-9a (1979-1984),Suicide,Suicide and Self-Inflicted Injury,override
9530,ICD-9a (1979-1984),Suicide,Suicide and Self-Inflicted Injury,override
9531,ICD-9a (1979-1984),Suicide,Suicide and Self-Inflicted Injury,override
9538,ICD-9a (1979-1984),Suicide,Suicide and Self-Inflicted Injury,override
9539,ICD-9a (1979-1984),Suicide,Suicide and Self-Inflicted Injury,override
9540,ICD-9a (1979-1984),Suicide,Suicide and Self-Inflicted Injury,override
9550,ICD-9a (1979-1984),Suicide,Suicide and Self-Inflicted Injury,override
9551,ICD-9a (1979-1984),Suicide,Suicide and Self-Inflicted Injury,override
9552,ICD-9a (1979-1984),Suicide,Suicide and Self-Inflicted Injury,override
9554,ICD-9a (1979-1984),Suicide,Suicide and Self-Inflicted Injury,override
9559,ICD-9a (1979-1984),Suicide,Suicide and Self-Inflicted Injury,override
9560,ICD-9a (1979-1984),Suicide,Suicide and Self-Inflicted Injury,override
9570,ICD-9a (1979-1984),Suicide,Suicide and Self-Inflicted Injury,override
9571,ICD-9a (1979-1984),Suicide,Suicide and Self-Inflicted Injury,override
9572,ICD-9a (1979-1984),Suicide,Suicide and Self-Inflicted Injury,override
9579,ICD-9a (1979-1984),Suicide,Suicide and Self-Inflicted Injury,override
9580,ICD-9a (1979-1984),Suicide,Suicide and Self-Inflicted Injury,override
9581,ICD-9a (1979-1984),Suicide,Suicide and Self-Inflicted Injury,override
9583,ICD-9a (1979-1984),Suicide,Suicide and Self-Inflicted Injury,override
9584,ICD-9a (1979-1984),Suicide,Suicide and Self-Inflicted Injury,override
9585,ICD-9a (1979-1984),Suicide,Suicide and Self-Inflicted Injury,override
9588,ICD-9a (1979-1984),Suicide,Suicide and Self-Inflicted Injury,override
9589,ICD-9a (1979-1984),Suicide,Suicide and Self-Inflicted Injury,override
9590,ICD-9a (1979-1984),Suicide,Suicide and Self-Inflicted Injury,override
9600,ICD-9a (1979-1984),Homicide,Homicide and Assault,override
9620,ICD-9a (1979-1984),Homicide,Homicide and Assault,override
9621,ICD-9a (1979-1984),Homicide,Homicide and Assault,override
9622,ICD-9a (1979-1984),Homicide,Homicide and Assault,override
9630,ICD-9a (1979-1984),Homicide,Homicide and Assault,override
9640,ICD-9a (1979-1984),Homicide,Homicide and Assault,override
9650,ICD-9a (1979-1984),Homicide,Homicide and Assault,override
9651,ICD-9a (1979-1984),Homicide,Homicide and Assault,override
9653,ICD-9a (1979-1984),Homicide,Homicide and Assault,override
9654,ICD-9a (1979-1984),Homicide,Homicide and Assault,override
9658,ICD-9a (1979-1984),Homicide,Homicide and Assault,override
9660,ICD-9a (1979-1984),Homicide,Homicide and Assault,override
9950,ICD-9b (1985-1993),War,War and War-Related Deaths,override
9972,ICD-9b (1985-1993),War,War and War-Related Deaths,override
9990,ICD-9b (1985-1993),War,War and War-Related Deaths,override
9919,ICD-9c (1994-2000),War,War and War-Related Deaths,override
9950,ICD-9c (1994-2000),War,War and War-Related Deaths,override
9990,ICD-9c (1994-2000),War,War and War-Related Deaths,override
8700,ICD-6 (1950-1957),Drugs,Drug-Related Deaths,override
3220,ICD-6 (1950-1957),Legal Drugs,Legal Drug-Related Deaths,override
3221,ICD-6 (1950-1957),Legal Drugs,Legal Drug-Related Deaths,override
3222,ICD-6 (1950-1957),Legal Drugs,Legal Drug-Related Deaths,override
3230,ICD-6 (1950-1957),Drugs,Drug-Related Deaths,override
8700,ICD-7 (1958-1967),Drugs,Drug-Related Deaths,override
8703,ICD-7 (1958-1967),Drugs,Drug-Related Deaths,override
8707,ICD-7 (1958-1967),Drugs,Drug-Related Deaths,override
8709,ICD-7 (1958-1967),Drugs,Drug-Related Deaths,override
3031,ICD-8 (1968-1978),Drugs,Drug-Related Deaths,override
3032,ICD-8 (1968-1978),Drugs,Drug-Related Deaths,override
3039,ICD-8 (1968-1978),Drugs,Drug-Related Deaths,override
3040,ICD-8 (1968-1978),Drugs,Drug-Related Deaths,override
3041,ICD-8 (1968-1978),Drugs,Drug-Related Deaths,override
3042,ICD-8 (1968-1978),Drugs,Drug-Related Deaths,override
3043,ICD-8 (1968-1978),Drugs,Drug-Related Deaths,override
3046,ICD-8 (1968-1978),Drugs,Drug-Related Deaths,override
3048,ICD-8 (1968-1978),Drugs,Drug-Related Deaths,override
3049,ICD-8 (1968-1978),Drugs,Drug-Related Deaths,override
3031,ICD-8 (1968-1978),Drugs,Drug-Related Deaths,override
3032,ICD-8 (1968-1978),Drugs,Drug-Related Deaths,override
3039,ICD-8 (1968-1978),Drugs,Drug-Related Deaths,override
3040,ICD-8 (1968-1978),Drugs,Drug-Related Deaths,override
3041,ICD-8 (1968-1978),Drugs,Drug-Related Deaths,override
3042,ICD-8 (1968-1978),Drugs,Drug-Related Deaths,override
3043,ICD-8 (1968-1978),Drugs,Drug-Related Deaths,override
3046,ICD-8 (1968-1978),Drugs,Drug-Related Deaths,override
3048,ICD-8 (1968-1978),Drugs,Drug-Related Deaths,override
3049,ICD-8 (1968-1978),Drugs,Drug-Related Deaths,override
2911,ICD-9a (1979-1984),Legal Drugs,Legal Drug-Related Deaths,override
2912,ICD-9a (1979-1984),Legal Drugs,Legal Drug-Related Deaths,override
2918,ICD-9a (1979-1984),Legal Drugs,Legal Drug-Related Deaths,override
2920,ICD-9a (1979-1984),Drugs,Drug-Related Deaths,override
3030,ICD-9a (1979-1984),Drugs,Drug-Related Deaths,override
3040,ICD-9a (1979-1984),Drugs,Drug-Related Deaths,override
3041,ICD-9a (1979-1984),Drugs,Drug-Related Deaths,override
3046,ICD-9a (1979-1984),Drugs,Drug-Related Deaths,override
3047,ICD-9a (1979-1984),Drugs,Drug-Related Deaths,override
3048,ICD-9a (1979-1984),Drugs,Drug-Related Deaths,override
3049,ICD-9a (1979-1984),Drugs,Drug-Related Deaths,override
3050,ICD-9a (1979-1984),Drugs,Drug-Related Deaths,override
3051,ICD-9a (1979-1984),Drugs,Drug-Related Deaths,override
3054,ICD-9a (1979-1984),Drugs,Drug-Related Deaths,override
3055,ICD-9a (1979-1984),Drugs,Drug-Related Deaths,override
3059,ICD-9a (1979-1984),Drugs,Drug-Related Deaths,override
9470,ICD-9a (1979-1984),other,Other and Unclassified,override
9478,ICD-9a (1979-1984),other,Other and Unclassified,override
9479,ICD-9a (1979-1984),other,Other and Unclassified,override
9499,ICD-9a (1979-1984),other,Other and Unclassified,override
9500,ICD-9a (1979-1984),Suicide,Suicide and Self-Inflicted Injury,override
9501,ICD-9a (1979-1984),Suicide,Suicide and Self-Inflicted Injury,override
9502,ICD-9a (1979-1984),Suicide,Suicide and Self-Inflicted Injury,override
9503,ICD-9a (1979-1984),Suicide,Suicide and Self-Inflicted Injury,override
9504,ICD-9a (1979-1984),Suicide,Suicide and Self-Inflicted Injury,override
9505,ICD-9a (1979-1984),Suicide,Suicide and Self-Inflicted Injury,override
9506,ICD-9a (1979-1984),Suicide,Suicide and Self-Inflicted Injury,override
9507,ICD-9a (1979-1984),Suicide,Suicide and Self-Inflicted Injury,override
9508,ICD-9a (1979-1984),Suicide,Suicide and Self-Inflicted Injury,override
9509,ICD-9a (1979-1984),Suicide,Suicide and Self-Inflicted Injury,override
9510,ICD-9a (1979-1984),Suicide,Suicide and Self-Inflicted Injury,override
9511,ICD-9a (1979-1984),Suicide,Suicide and Self-Inflicted Injury,override
9518,ICD-9a (1979-1984),Suicide,Suicide and Self-Inflicted Injury,override
9520,ICD-9a (1979-1984),Suicide,Suicide and Self-Inflicted Injury,override
9521,ICD-9a (1979-1984),Suicide,Suicide and Self-Inflicted Injury,override
9528,ICD-9a (1979-1984),Suicide,Suicide and Self-Inflicted Injury,override
9529,ICD-9a (1979-1984),Suicide,Suicide and Self-Inflicted Injury,override
9530,ICD-9a (1979-1984),Suicide,Suicide and Self-Inflicted Injury,override
9531,ICD-9a (1979-1984),Suicide,Suicide and Self-Inflicted Injury,override
9538,ICD-9a (1979-1984),Suicide,Suicide and Self-Inflicted Injury,override
9539,ICD-9a (1979-1984),Suicide,Suicide and Self-Inflicted Injury,override
9540,ICD-9a (1979-1984),Suicide,Suicide and Self-Inflicted Injury,override
9550,ICD-9a (1979-1984),Suicide,Suicide and Self-Inflicted Injury,override
9551,ICD-9a (1979-1984),Suicide,Suicide and Self-Inflicted Injury,override
9552,ICD-9a (1979-1984),Suicide,Suicide and Self-Inflicted Injury,override
9554,ICD-9a (1979-1984),Suicide,Suicide and Self-Inflicted Injury,override
9559,ICD-9a (1979-1984),Suicide,Suicide and Self-Inflicted Injury,override
9560,ICD-9a (1979-1984),Suicide,Suicide and Self-Inflicted Injury,override
9570,ICD-9a (1979-1984),Suicide,Suicide and Self-Inflicted Injury,override
9571,ICD-9a (1979-1984),Suicide,Suicide and Self-Inflicted Injury,override
9572,ICD-9a (1979-1984),Suicide,Suicide and Self-Inflicted Injury,override
9579,ICD-9a (1979-1984),Suicide,Suicide and Self-Inflicted Injury,override
9580,ICD-9a (1979-1984),Suicide,Suicide and Self-Inflicted Injury,override
9581,ICD-9a (1979-1984),Suicide,Suicide and Self-Inflicted Injury,override
9583,ICD-9a (1979-1984),Suicide,Suicide and Self-Inflicted Injury,override
9584,ICD-9a (1979-1984),Suicide,Suicide and Self-Inflicted Injury,override
9585,ICD-9a (1979-1984),Suicide,Suicide and Self-Inflicted Injury,override
9588,ICD-9a (1979-1984),Suicide,Suicide and Self-Inflicted Injury,override
9589,ICD-9a (1979-1984),Suicide,Suicide and Self-Inflicted Injury,override
9590,ICD-9a (1979-1984),Suicide,Suicide and Self-Inflicted Injury,override
9600,ICD-9a (1979-1984),Homicide,Homicide and Assault,override
9620,ICD-9a (1979-1984),Homicide,Homicide and Assault,override
9621,ICD-9a (1979-1984),Homicide,Homicide and Assault,override
9622,ICD-9a (1979-1984),Homicide,Homicide and Assault,override
9630,ICD-9a (1979-1984),Homicide,Homicide and Assault,override
9640,ICD-9a (1979-1984),Homicide,Homicide and Assault,override
9650,ICD-9a (1979-1984),Homicide,Homicide and Assault,override
9651,ICD-9a (1979-1984),Homicide,Homicide and Assault,override
9653,ICD-9a (1979-1984),Homicide,Homicide and Assault,override
9654,ICD-9a (1979-1984),Homicide,Homicide and Assault,override
9658,ICD-9a (1979-1984),Homicide,Homicide and Assault,override
9660,ICD-9a (1979-1984),Homicide,Homicide and Assault,override
9680,ICD-9a (1979-1984),Homicide,Homicide and Assault,override
9681,ICD-9a (1979-1984),Homicide,Homicide and Assault,override
9682,ICD-9a (1979-1984),Homicide,Homicide and Assault,override
9683,ICD-9a (1979-1984),Homicide,Homicide and Assault,override
9684,ICD-9a (1979-1984),Homicide,Homicide and Assault,override
9688,ICD-9a (1979-1984),Homicide,Homicide and Assault,override
9689,ICD-9a (1979-1984),Homicide,Homicide and Assault,override
9690,ICD-9a (1979-1984),Homicide,Homicide and Assault,override
9700,ICD-9a (1979-1984),Homicide,Homicide and Assault,override
2910,ICD-9b (1985-1993),Legal Drugs,Legal Drug-Related Deaths,override
2911,ICD-9b (1985-1993),Legal Drugs,Legal Drug-Related Deaths,override
2912,ICD-9b (1985-1993),Legal Drugs,Legal Drug-Related Deaths,override
2918,ICD-9b (1985-1993),Legal Drugs,Legal Drug-Related Deaths,override
2919,ICD-9b (1985-1993),Legal Drugs,Legal Drug-Related Deaths,override
2920,ICD-9b (1985-1993),Drugs,Drug-Related Deaths,override
3030,ICD-9b (1985-1993),Drugs,Drug-Related Deaths,override
3040,ICD-9b (1985-1993),Drugs,Drug-Related Deaths,override
3041,ICD-9b (1985-1993),Drugs,Drug-Related Deaths,override
3043,ICD-9b (1985-1993),Drugs,Drug-Related Deaths,override
3044,ICD-9b (1985-1993),Drugs,Drug-Related Deaths,override
3046,ICD-9b (1985-1993),Drugs,Drug-Related Deaths,override
3047,ICD-9b (1985-1993),Drugs,Drug-Related Deaths,override
3048,ICD-9b (1985-1993),Drugs,Drug-Related Deaths,override
3049,ICD-9b (1985-1993),Drugs,Drug-Related Deaths,override
3050,ICD-9b (1985-1993),Drugs,Drug-Related Deaths,override
3051,ICD-9b (1985-1993),Drugs,Drug-Related Deaths,override
3052,ICD-9b (1985-1993),Drugs,Drug-Related Deaths,override
3053,ICD-9b (1985-1993),Drugs,Drug-Related Deaths,override
3054,ICD-9b (1985-1993),Drugs,Drug-Related Deaths,override
3055,ICD-9b (1985-1993),Drugs,Drug-Related Deaths,override
3056,ICD-9b (1985-1993),Drugs,Drug-Related Deaths,override
3057,ICD-9b (1985-1993),Drugs,Drug-Related Deaths,override
3058,ICD-9b (1985-1993),Drugs,Drug-Related Deaths,override
3059,ICD-9b (1985-1993),Drugs,Drug-Related Deaths,override
9500,ICD-9b (1985-1993),Suicide,Suicide and Self-Inflicted Injury,override
9501,ICD-9b (1985-1993),Suicide,Suicide and Self-Inflicted Injury,override
9502,ICD-9b (1985-1993),Suicide,Suicide and Self-Inflicted Injury,override
9503,ICD-9b (1985-1993),Suicide,Suicide and Self-Inflicted Injury,override
9504,ICD-9b (1985-1993),Suicide,Suicide and Self-Inflicted Injury,override
9505,ICD-9b (1985-1993),Suicide,Suicide and Self-Inflicted Injury,override
9506,ICD-9b (1985-1993),Suicide,Suicide and Self-Inflicted Injury,override
9507,ICD-9b (1985-1993),Suicide,Suicide and Self-Inflicted Injury,override
9509,ICD-9b (1985-1993),Suicide,Suicide and Self-Inflicted Injury,override
9510,ICD-9b (1985-1993),Suicide,Suicide and Self-Inflicted Injury,override
9511,ICD-9b (1985-1993),Suicide,Suicide and Self-Inflicted Injury,override
9518,ICD-9b (1985-1993),Suicide,Suicide and Self-Inflicted Injury,override
9520,ICD-9b (1985-1993),Suicide,Suicide and Self-Inflicted Injury,override
9521,ICD-9b (1985-1993),Suicide,Suicide and Self-Inflicted Injury,override
9528,ICD-9b (1985-1993),Suicide,Suicide and Self-Inflicted Injury,override
9529,ICD-9b (1985-1993),Suicide,Suicide and Self-Inflicted Injury,override
9530,ICD-9b (1985-1993),Suicide,Suicide and Self-Inflicted Injury,override
9531,ICD-9b (1985-1993),Suicide,Suicide and Self-Inflicted Injury,override
9538,ICD-9b (1985-1993),Suicide,Suicide and Self-Inflicted Injury,override
9539,ICD-9b (1985-1993),Suicide,Suicide and Self-Inflicted Injury,override
9540,ICD-9b (1985-1993),Suicide,Suicide and Self-Inflicted Injury,override
9550,ICD-9b (1985-1993),Suicide,Suicide and Self-Inflicted Injury,override
9551,ICD-9b (1985-1993),Suicide,Suicide and Self-Inflicted Injury,override
9552,ICD-9b (1985-1993),Suicide,Suicide and Self-Inflicted Injury,override
9553,ICD-9b (1985-1993),Suicide,Suicide and Self-Inflicted Injury,override
9554,ICD-9b (1985-1993),Suicide,Suicide and Self-Inflicted Injury,override
9559,ICD-9b (1985-1993),Suicide,Suicide and Self-Inflicted Injury,override
9560,ICD-9b (1985-1993),Suicide,Suicide and Self-Inflicted Injury,override
9570,ICD-9b (1985-1993),Suicide,Suicide and Self-Inflicted Injury,override
9571,ICD-9b (1985-1993),Suicide,Suicide and Self-Inflicted Injury,override
9572,ICD-9b (1985-1993),Suicide,Suicide and Self-Inflicted Injury,override
9579,ICD-9b (1985-1993),Suicide,Suicide and Self-Inflicted Injury,override
9580,ICD-9b (1985-1993),Suicide,Suicide and Self-Inflicted Injury,override
9581,ICD-9b (1985-1993),Suicide,Suicide and Self-Inflicted Injury,override
9582,ICD-9b (1985-1993),Suicide,Suicide and Self-Inflicted Injury,override
9583,ICD-9b (1985-1993),Suicide,Suicide and Self-Inflicted Injury,override
9584,ICD-9b (1985-1993),Suicide,Suicide and Self-Inflicted Injury,override
9585,ICD-9b (1985-1993),Suicide,Suicide and Self-Inflicted Injury,override
9586,ICD-9b (1985-1993),Suicide,Suicide and Self-Inflicted Injury,override
9588,ICD-9b (1985-1993),Suicide,Suicide and Self-Inflicted Injury,override
9589,ICD-9b (1985-1993),Suicide,Suicide and Self-Inflicted Injury,override
9590,ICD-9b (1985-1993),Suicide,Suicide and Self-Inflicted Injury,override
9600,ICD-9b (1985-1993),Homicide,Homicide and Assault,override
9601,ICD-9b (1985-1993),Homicide,Homicide and Assault,override
9620,ICD-9b (1985-1993),Homicide,Homicide and Assault,override
9622,ICD-9b (1985-1993),Homicide,Homicide and Assault,override
9629,ICD-9b (1985-1993),Homicide,Homicide and Assault,override
9630,ICD-9b (1985-1993),Homicide,Homicide and Assault,override
9640,ICD-9b (1985-1993),Homicide,Homicide and Assault,override
9650,ICD-9b (1985-1993),Homicide,Homicide and Assault,override
9651,ICD-9b (1985-1993),Homicide,Homicide and Assault,override
9654,ICD-9b (1985-1993),Homicide,Homicide and Assault,override
9658,ICD-9b (1985-1993),Homicide,Homicide and Assault,override
9659,ICD-9b (1985-1993),Homicide,Homicide and Assault,override
9660,ICD-9b (1985-1993),Homicide,Homicide and Assault,override
9680,ICD-9b (1985-1993),Homicide,Homicide and Assault,override
9681,ICD-9b (1985-1993),Homicide,Homicide and Assault,override
9682,ICD-9b (1985-1993),Homicide,Homicide and Assault,override
9684,ICD-9b (1985-1993),Homicide,Homicide and Assault,override
9688,ICD-9b (1985-1993),Homicide,Homicide and Assault,override
9689,ICD-9b (1985-1993),Homicide,Homicide and Assault,override
9690,ICD-9b (1985-1993),Homicide,Homicide and Assault,override
2910,ICD-9c (1994-2000),Legal Drugs,Legal Drug-Related Deaths,override
2911,ICD-9c (1994-2000),Legal Drugs,Legal Drug-Related Deaths,override
2912,ICD-9c (1994-2000),Legal Drugs,Legal Drug-Related Deaths,override
2918,ICD-9c (1994-2000),Legal Drugs,Legal Drug-Related Deaths,override
2919,ICD-9c (1994-2000),Legal Drugs,Legal Drug-Related Deaths,override
2920,ICD-9c (1994-2000),Drugs,Drug-Related Deaths,override
3030,ICD-9c (1994-2000),Legal Drugs,Legal Drug-Related Deaths,override
3040,ICD-9c (1994-2000),Drugs,Drug-Related Deaths,override
3041,ICD-9c (1994-2000),Drugs,Drug-Related Deaths,override
3042,ICD-9c (1994-2000),Drugs,Drug-Related Deaths,override
3044,ICD-9c (1994-2000),Drugs,Drug-Related Deaths,override
3046,ICD-9c (1994-2000),Drugs,Drug-Related Deaths,override
3047,ICD-9c (1994-2000),Drugs,Drug-Related Deaths,override
3048,ICD-9c (1994-2000),Drugs,Drug-Related Deaths,override
3049,ICD-9c (1994-2000),Drugs,Drug-Related Deaths,override
3050,ICD-9c (1994-2000),Legal Drugs,Legal Drug-Related Deaths,override
3051,ICD-9c (1994-2000),Legal Drugs,Legal Drug-Related Deaths,override
3052,ICD-9c (1994-2000),Drugs,Drug-Related Deaths,override
3054,ICD-9c (1994-2000),Drugs,Drug-Related Deaths,override
3055,ICD-9c (1994-2000),Drugs,Drug-Related Deaths,override
3056,ICD-9c (1994-2000),Drugs,Drug-Related Deaths,override
3057,ICD-9c (1994-2000),Drugs,Drug-Related Deaths,override
3058,ICD-9c (1994-2000),Drugs,Drug-Related Deaths,override
3059,ICD-9c (1994-2000),Drugs,Drug-Related Deaths,override
9500,ICD-9c (1994-2000),Suicide,Suicide and Self-Inflicted Injury,override
9501,ICD-9c (1994-2000),Suicide,Suicide and Self-Inflicted Injury,override
9502,ICD-9c (1994-2000),Suicide,Suicide and Self-Inflicted Injury,override
9503,ICD-9c (1994-2000),Suicide,Suicide and Self-Inflicted Injury,override
9504,ICD-9c (1994-2000),Suicide,Suicide and Self-Inflicted Injury,override
9505,ICD-9c (1994-2000),Suicide,Suicide and Self-Inflicted Injury,override
9506,ICD-9c (1994-2000),Suicide,Suicide and Self-Inflicted Injury,override
9507,ICD-9c (1994-2000),Suicide,Suicide and Self-Inflicted Injury,override
9509,ICD-9c (1994-2000),Suicide,Suicide and Self-Inflicted Injury,override
9510,ICD-9c (1994-2000),Suicide,Suicide and Self-Inflicted Injury,override
9511,ICD-9c (1994-2000),Suicide,Suicide and Self-Inflicted Injury,override
9518,ICD-9c (1994-2000),Suicide,Suicide and Self-Inflicted Injury,override
9520,ICD-9c (1994-2000),Suicide,Suicide and Self-Inflicted Injury,override
9521,ICD-9c (1994-2000),Suicide,Suicide and Self-Inflicted Injury,override
9528,ICD-9c (1994-2000),Suicide,Suicide and Self-Inflicted Injury,override
9529,ICD-9c (1994-2000),Suicide,Suicide and Self-Inflicted Injury,override
9530,ICD-9c (1994-2000),Suicide,Suicide and Self-Inflicted Injury,override
9531,ICD-9c (1994-2000),Suicide,Suicide and Self-Inflicted Injury,override
9538,ICD-9c (1994-2000),Suicide,Suicide and Self-Inflicted Injury,override
9539,ICD-9c (1994-2000),Suicide,Suicide and Self-Inflicted Injury,override
9540,ICD-9c (1994-2000),Suicide,Suicide and Self-Inflicted Injury,override
9550,ICD-9c (1994-2000),Suicide,Suicide and Self-Inflicted Injury,override
9551,ICD-9c (1994-2000),Suicide,Suicide and Self-Inflicted Injury,override
9553,ICD-9c (1994-2000),Suicide,Suicide and Self-Inflicted Injury,override
9554,ICD-9c (1994-2000),Suicide,Suicide and Self-Inflicted Injury,override
9559,ICD-9c (1994-2000),Suicide,Suicide and Self-Inflicted Injury,override
9560,ICD-9c (1994-2000),Suicide,Suicide and Self-Inflicted Injury,override
9570,ICD-9c (1994-2000),Suicide,Suicide and Self-Inflicted Injury,override
9571,ICD-9c (1994-2000),Suicide,Suicide and Self-Inflicted Injury,override
9572,ICD-9c (1994-2000),Suicide,Suicide and Self-Inflicted Injury,override
9579,ICD-9c (1994-2000),Suicide,Suicide and Self-Inflicted Injury,override
9580,ICD-9c (1994-2000),Suicide,Suicide and Self-Inflicted Injury,override
9581,ICD-9c (1994-2000),Suicide,Suicide and Self-Inflicted Injury,override
9583,ICD-9c (1994-2000),Suicide,Suicide and Self-Inflicted Injury,override
9584,ICD-9c (1994-2000),Suicide,Suicide and Self-Inflicted Injury,override
9585,ICD-9c (1994-2000),Suicide,Suicide and Self-Inflicted Injury,override
9587,ICD-9c (1994-2000),Suicide,Suicide and Self-Inflicted Injury,override
9588,ICD-9c (1994-2000),Suicide,Suicide and Self-Inflicted Injury,override
9589,ICD-9c (1994-2000),Suicide,Suicide and Self-Inflicted Injury,override
9600,ICD-9c (1994-2000),Homicide,Homicide and Assault,override
9620,ICD-9c (1994-2000),Homicide,Homicide and Assault,override
9621,ICD-9c (1994-2000),Homicide,Homicide and Assault,override
9622,ICD-9c (1994-2000),Homicide,Homicide and Assault,override
9629,ICD-9c (1994-2000),Homicide,Homicide and Assault,override
9630,ICD-9c (1994-2000),Homicide,Homicide and Assault,override
9640,ICD-9c (1994-2000),Homicide,Homicide and Assault,override
9651,ICD-9c (1994-2000),Homicide,Homicide and Assault,override
9654,ICD-9c (1994-2000),Homicide,Homicide and Assault,override
9658,ICD-9c (1994-2000),Homicide,Homicide and Assault,override
9660,ICD-9c (1994-2000),Homicide,Homicide and Assault,override
9680,ICD-9c (1994-2000),Homicide,Homicide and Assault,override
9682,ICD-9c (1994-2000),Homicide,Homicide and Assault,override
9683,ICD-9c (1994-2000),Homicide,Homicide and Assault,override
9684,ICD-9c (1994-2000),Homicide,Homicide and Assault,override
9688,ICD-9c (1994-2000),Homicide,Homicide and Assault,override
9689,ICD-9c (1994-2000),Homicide,Homicide and Assault,override
9690,ICD-9c (1994-2000),Homicide,Homicide and Assault,override
9700,ICD-9c (1994-2000),Homicide,Homicide and Assault,override
9740,ICD-9c (1994-2000),Homicide,Homicide and Assault,override
191,ICD-3 (1921-1930),War,War and War-Related Deaths,override
25(3),ICD-3 (1921-1930),infectious_diseases,Infectious and Parasitic Diseases,override
42(2),ICD-3 (1921-1930),infectious_diseases,Infectious and Parasitic Diseases,override
9740,ICD-9c (1994-2000),Homicide,Homicide and Assault,override
104E,ICD-2 (1911-1920),perinatal,Conditions Originating in Perinatal Period,override
104F,ICD-2 (1911-1920),perinatal,Conditions Originating in Perinatal Period,override
105F,ICD-2 (1911-1920),perinatal,Conditions Originating in Perinatal Period,override
9500,ICD-8 (1968-1978),Suicide,Suicide and Self-Inflicted Injury,override
9510,ICD-8 (1968-1978),Suicide,Suicide and Self-Inflicted Injury,override
9520,ICD-8 (1968-1978),Suicide,Suicide and Self-Inflicted Injury,override
9530,ICD-8 (1968-1978),Suicide,Suicide and Self-Inflicted Injury,override
9540,ICD-8 (1968-1978),Suicide,Suicide and Self-Inflicted Injury,override
9550,ICD-8 (1968-1978),Suicide,Suicide and Self-Inflicted Injury,override
9560,ICD-8 (1968-1978),Suicide,Suicide and Self-Inflicted Injury,override
9570,ICD-8 (1968-1978),Suicide,Suicide and Self-Inflicted Injury,override
9580,ICD-8 (1968-1978),Suicide,Suicide and Self-Inflicted Injury,override
9590,ICD-8 (1968-1978),Suicide,Suicide and Self-Inflicted Injury,override
9900,ICD-8 (1968-1978),War,War and War-Related Deaths,override
9910,ICD-8 (1968-1978),War,War and War-Related Deaths,override
9930,ICD-8 (1968-1978),War,War and War-Related Deaths,override
9940,ICD-8 (1968-1978),War,War and War-Related Deaths,override
9990,ICD-8 (1968-1978),War,War and War-Related Deaths,override
9600,ICD-8 (1968-1978),Homicide,Homicide and Assault,override
9610,ICD-8 (1968-1978),Homicide,Homicide and Assault,override
9620,ICD-8 (1968-1978),Homicide,Homicide and Assault,override
9630,ICD-8 (1968-1978),Homicide,Homicide and Assault,override
9640,ICD-8 (1968-1978),Homicide,Homicide and Assault,override
9650,ICD-8 (1968-1978),Homicide,Homicide and Assault,override
9660,ICD-8 (1968-1978),Homicide,Homicide and Assault,override
9670,ICD-8 (1968-1978),Homicide,Homicide and Assault,override
9680,ICD-8 (1968-1978),Homicide,Homicide and Assault,override
9690,ICD-8 (1968-1978),Homicide,Homicide and Assault,override
9700,ICD-8 (1968-1978),Homicide,Homicide and Assault,override
165,ICD-3 (1921-1930),Suicide,Suicide and Self-Inflicted Injury,override
166,ICD-3 (1921-1930),Suicide,Suicide and Self-Inflicted Injury,override
166*,ICD-3 (1921-1930),Suicide,Suicide and Self-Inflicted Injury,override
"165, 166*",ICD-3 (1921-1930),Suicide,Suicide and Self-Inflicted Injury,override
167,ICD-3 (1921-1930),Suicide,Suicide and Self-Inflicted Injury,override
168,ICD-3 (1921-1930),Suicide,Suicide and Self-Inflicted Injury,override
169,ICD-3 (1921-1930),Suicide,Suicide and Self-Inflicted Injury,override
170,ICD-3 (1921-1930),Suicide,Suicide and Self-Inflicted Injury,override
171,ICD-3 (1921-1930),Suicide,Suicide and Self-Inflicted Injury,override
172,ICD-3 (1921-1930),Suicide,Suicide and Self-Inflicted Injury,override
173,ICD-3 (1921-1930),Suicide,Suicide and Self-Inflicted Injury,override
174,ICD-3 (1921-1930),Suicide,Suicide and Self-Inflicted Injury,override
180,ICD-3 (1921-1930),Accident,Accidental Death,override
181,ICD-3 (1921-1930),Accident,Accidental Death,override
182,ICD-3 (1921-1930),Accident,Accidental Death,override
183,ICD-3 (1921-1930),Accident,Accidental Death,override
184,ICD-3 (1921-1930),Accident,Accidental Death,override
185,ICD-3 (1921-1930),Accident,Accidental Death,override
186,ICD-3 (1921-1930),Accident,Accidental Death,override
187,ICD-3 (1921-1930),Accident,Accidental Death,override
188,ICD-3 (1921-1930),Accident,Accidental Death,override
197,ICD-3 (1921-1930),Homicide,Homicide and Assault,override
198,ICD-3 (1921-1930),Homicide,Homicide and Assault,override
199,ICD-3 (1921-1930),Homicide,Homicide and Assault,override
X60,ICD-10 (2001-),Suicide,Suicide and Self-Inflicted Injury,override
X61,ICD-10 (2001-),Suicide,Suicide and Self-Inflicted Injury,override
X62,ICD-10 (2001-),Suicide,Suicide and Self-Inflicted Injury,override
X63,ICD-10 (2001-),Suicide,Suicide and Self-Inflicted Injury,override
X64,ICD-10 (2001-),Suicide,Suicide and Self-Inflicted Injury,override
X65,ICD-10 (2001-),Suicide,Suicide and Self-Inflicted Injury,override
X66,ICD-10 (2001-),Suicide,Suicide and Self-Inflicted Injury,override
X67,ICD-10 (2001-),Suicide,Suicide and Self-Inflicted Injury,override
X68,ICD-10 (2001-),Suicide,Suicide and Self-Inflicted Injury,override
X69,ICD-10 (2001-),Suicide,Suicide and Self-Inflicted Injury,override
X70,ICD-10 (2001-),Suicide,Suicide and Self-Inflicted Injury,override
X71,ICD-10 (2001-),Suicide,Suicide and Self-Inflicted Injury,override
X72,ICD-10 (2001-),Suicide,Suicide and Self-Inflicted Injury,override
X73,ICD-10 (2001-),Suicide,Suicide and Self-Inflicted Injury,override
X74,ICD-10 (2001-),Suicide,Suicide and Self-Inflicted Injury,override
X75,ICD-10 (2001-),Suicide,Suicide and Self-Inflicted Injury,override
X76,ICD-10 (2001-),Suicide,Suicide and Self-Inflicted Injury,override
X77,ICD-10 (2001-),Suicide,Suicide and Self-Inflicted Injury,override
X78,ICD-10 (2001-),Suicide,Suicide and Self-Inflicted Injury,override
X79,ICD-10 (2001-),Suicide,Suicide and Self-Inflicted Injury,override
X80,ICD-10 (2001-),Suicide,Suicide and Self-Inflicted Injury,override
X81,ICD-10 (2001-),Suicide,Suicide and Self-Inflicted Injury,override
X82,ICD-10 (2001-),Suicide,Suicide and Self-Inflicted Injury,override
X83,ICD-10 (2001-),Suicide,Suicide and Self-Inflicted Injury,override
X84,ICD-10 (2001-),Suicide,Suicide and Self-Inflicted Injury,override
# Accidental drug poisoning - X40-X44
X40,ICD-10 (2001-),Drugs,Drug-Related Deaths,override
X41,ICD-10 (2001-),Drugs,Drug-Related Deaths,override
X42,ICD-10 (2001-),Drugs,Drug-Related Deaths,override
X43,ICD-10 (2001-),Drugs,Drug-Related Deaths,override
X44,ICD-10 (2001-),Drugs,Drug-Related Deaths,override
# Intentional drug poisoning (suicide) - X60-X64 already covered above as Suicide
# Assault/Homicide - X85-Y09
X85,ICD-10 (2001-),Homicide,Homicide and Assault,override
X86,ICD-10 (2001-),Homicide,Homicide and Assault,override
X87,ICD-10 (2001-),Homicide,Homicide and Assault,override
X88,ICD-10 (2001-),Homicide,Homicide and Assault,override
X89,ICD-10 (2001-),Homicide,Homicide and Assault,override
X90,ICD-10 (2001-),Homicide,Homicide and Assault,override
X91,ICD-10 (2001-),Homicide,Homicide and Assault,override
X92,ICD-10 (2001-),Homicide,Homicide and Assault,override
X93,ICD-10 (2001-),Homicide,Homicide and Assault,override
X94,ICD-10 (2001-),Homicide,Homicide and Assault,override
X95,ICD-10 (2001-),Homicide,Homicide and Assault,override
X96,ICD-10 (2001-),Homicide,Homicide and Assault,override
X97,ICD-10 (2001-),Homicide,Homicide and Assault,override
X98,ICD-10 (2001-),Homicide,Homicide and Assault,override
X99,ICD-10 (2001-),Homicide,Homicide and Assault,override
Y00,ICD-10 (2001-),Homicide,Homicide and Assault,override
Y01,ICD-10 (2001-),Homicide,Homicide and Assault,override
Y02,ICD-10 (2001-),Homicide,Homicide and Assault,override
Y03,ICD-10 (2001-),Homicide,Homicide and Assault,override
Y04,ICD-10 (2001-),Homicide,Homicide and Assault,override
Y05,ICD-10 (2001-),Homicide,Homicide and Assault,override
Y06,ICD-10 (2001-),Homicide,Homicide and Assault,override
Y07,ICD-10 (2001-),Homicide,Homicide and Assault,override
Y08,ICD-10 (2001-),Homicide,Homicide and Assault,override
Y09,ICD-10 (2001-),Homicide,Homicide and Assault,override
# War and combat operations - Y36
Y36,ICD-10 (2001-),War,War and War-Related Deaths,override
Y360,ICD-10 (2001-),War,War and War-Related Deaths,override
Y361,ICD-10 (2001-),War,War and War-Related Deaths,override
Y362,ICD-10 (2001-),War,War and War-Related Deaths,override
Y363,ICD-10 (2001-),War,War and War-Related Deaths,override
Y364,ICD-10 (2001-),War,War and War-Related Deaths,override
Y365,ICD-10 (2001-),War,War and War-Related Deaths,override
Y366,ICD-10 (2001-),War,War and War-Related Deaths,override
Y367,ICD-10 (2001-),War,War and War-Related Deaths,override
Y368,ICD-10 (2001-),War,War and War-Related Deaths,override
Y369,ICD-10 (2001-),War,War and War-Related Deaths,override
Y891,ICD-10 (2001-),War,War and War-Related Deaths,override
1520.0,ICD-1 (1901-1910),genitourinary,Diseases of the Genitourinary System,override
1530.0,ICD-1 (1901-1910),genitourinary,Diseases of the Genitourinary System,override
1610.0,ICD-1 (1901-1910),musculoskeletal,Diseases of Musculoskeletal System and Connective Tissue,override
1440.0,ICD-1 (1901-1910),endocrine_metabolic,"Endocrine, Nutritional and Metabolic Diseases",override
1400.0,ICD-1 (1901-1910),infectious_diseases,Infectious and Parasitic Diseases,override
1680.0,ICD-1 (1901-1910),endocrine_metabolic,"Endocrine, Nutritional and Metabolic Diseases",override
170.0,ICD-1 (1901-1910),ill_defined,"Symptoms, Signs and Ill-Defined Conditions",override
1590.0,ICD-1 (1901-1910),ill_defined,"Symptoms, Signs and Ill-Defined Conditions",override
1450.0,ICD-1 (1901-1910),ill_defined,"Symptoms, Signs and Ill-Defined Conditions",override
1390.0,ICD-1 (1901-1910),ill_defined,"Symptoms, Signs and Ill-Defined Conditions",override
1130.0,ICD-1 (1901-1910),blood_immune,Blood and Immune System Disorders,override
1741.0,ICD-1 (1901-1910),Accident,Accidental Death,override
1750.0,ICD-1 (1901-1910),Accident,Accidental Death,override
1760.0,ICD-1 (1901-1910),Accident,Accidental Death,override
1780.0,ICD-1 (1901-1910),Accident,Accidental Death,override
1790.0,ICD-1 (1901-1910),Accident,Accidental Death,override
1860.0,ICD-1 (1901-1910),Accident,Accidental Death,override
510.0,ICD-1 (1901-1910),blood_immune,Blood and Immune System Disorders,override
520.0,ICD-1 (1901-1910),neoplasms,Neoplasms (Cancers and Tumors),override
540.0,ICD-1 (1901-1910),respiratory,Diseases of the Respiratory System,override
560.0,ICD-1 (1901-1910),social_issues,Social Issues Affecting Health,override
810.0,ICD-1 (1901-1910),perinatal,Conditions Originating in Perinatal Period,override
820.0,ICD-1 (1901-1910),perinatal,Conditions Originating in Perinatal Period,override
230.0,ICD-1 (1901-1910),digestive,Diseases of the Digestive System,override
310.0,ICD-1 (1901-1910),circulatory,Diseases of the Circulatory System,override
440.0,ICD-1 (1901-1910),skin,Diseases of the Skin,override
450.0,ICD-1 (1901-1910),infectious_diseases,Infectious and Parasitic Diseases,override
470.0,ICD-1 (1901-1910),infectious_diseases,Infectious and Parasitic Diseases,override
500.0,ICD-1 (1901-1910),digestive,Diseases of the Digestive System,override
910.0,ICD-1 (1901-1910),musculoskeletal,Diseases of Musculoskeletal System and Connective Tissue,override
920.0,ICD-1 (1901-1910),musculoskeletal,Diseases of Musculoskeletal System and Connective Tissue,override
970.0,ICD-1 (1901-1910),ill_defined,"Symptoms, Signs and Ill-Defined Conditions",override
A410,ICD-10 (2001-),infectious_diseases,Infectious and Parasitic Diseases,override
A411,ICD-10 (2001-),infectious_diseases,Infectious and Parasitic Diseases,override
A412,ICD-10 (2001-),infectious_diseases,Infectious and Parasitic Diseases,override
A413,ICD-10 (2001-),infectious_diseases,Infectious and Parasitic Diseases,override
A414,ICD-10 (2001-),infectious_diseases,Infectious and Parasitic Diseases,override
A415,ICD-10 (2001-),infectious_diseases,Infectious and Parasitic Diseases,override
A418,ICD-10 (2001-),infectious_diseases,Infectious and Parasitic Diseases,override
A419,ICD-10 (2001-),infectious_diseases,Infectious and Parasitic Diseases,override
B200,ICD-10 (2001-),blood_immune,Blood and Immune System Disorders,override
B201,ICD-10 (2001-),blood_immune,Blood and Immune System Disorders,override
B202,ICD-10 (2001-),blood_immune,Blood and Immune System Disorders,override
B203,ICD-10 (2001-),blood_immune,Blood and Immune System Disorders,override
B204,ICD-10 (2001-),blood_immune,Blood and Immune System Disorders,override
B205,ICD-10 (2001-),blood_immune,Blood and Immune System Disorders,override
B206,ICD-10 (2001-),blood_immune,Blood and Immune System Disorders,override
B207,ICD-10 (2001-),blood_immune,Blood and Immune System Disorders,override
B208,ICD-10 (2001-),blood_immune,Blood and Immune System Disorders,override
B209,ICD-10 (2001-),blood_immune,Blood and Immune System Disorders,override
B210,ICD-10 (2001-),blood_immune,Blood and Immune System Disorders,override
B211,ICD-10 (2001-),blood_immune,Blood and Immune System Disorders,override
B212,ICD-10 (2001-),blood_immune,Blood and Immune System Disorders,override
B213,ICD-10 (2001-),blood_immune,Blood and Immune System Disorders,override
B217,ICD-10 (2001-),blood_immune,Blood and Immune System Disorders,override
B218,ICD-10 (2001-),blood_immune,Blood and Immune System Disorders,override
B219,ICD-10 (2001-),blood_immune,Blood and Immune System Disorders,override
B220,ICD-10 (2001-),blood_immune,Blood and Immune System Disorders,override
B222,ICD-10 (2001-),blood_immune,Blood and Immune System Disorders,override
B227,ICD-10 (2001-),blood_immune,Blood and Immune System Disorders,override
B231,ICD-10 (2001-),blood_immune,Blood and Immune System Disorders,override
B232,ICD-10 (2001-),blood_immune,Blood and Immune System Disorders,override
B238,ICD-10 (2001-),blood_immune,Blood and Immune System Disorders,override
B24,ICD-10 (2001-),blood_immune,Blood and Immune System Disorders,override
D000,ICD-10 (2001-),blood_immune,Blood and Immune System Disorders,override
D001,ICD-10 (2001-),blood_immune,Blood and Immune System Disorders,override
F320,ICD-10 (2001-),mental_behavioral,Mental and Behavioral Disorders,override
F321,ICD-10 (2001-),mental_behavioral,Mental and Behavioral Disorders,override
F322,ICD-10 (2001-),mental_behavioral,Mental and Behavioral Disorders,override
F323,ICD-10 (2001-),mental_behavioral,Mental and Behavioral Disorders,override
F328,ICD-10 (2001-),mental_behavioral,Mental and Behavioral Disorders,override
F329,ICD-10 (2001-),mental_behavioral,Mental and Behavioral Disorders,override
F332,ICD-10 (2001-),mental_behavioral,Mental and Behavioral Disorders,override
F333,ICD-10 (2001-),mental_behavioral,Mental and Behavioral Disorders,override
F339,ICD-10 (2001-),mental_behavioral,Mental and Behavioral Disorders,override
F102,ICD-10 (2001-),Legal Drugs,Legal Drug-Related Deaths,override
F103,ICD-10 (2001-),Legal Drugs,Legal Drug-Related Deaths,override
F104,ICD-10 (2001-),Legal Drugs,Legal Drug-Related Deaths,override
F106,ICD-10 (2001-),Legal Drugs,Legal Drug-Related Deaths,override
F107,ICD-10 (2001-),Legal Drugs,Legal Drug-Related Deaths,override
F109,ICD-10 (2001-),Legal Drugs,Legal Drug-Related Deaths,override
F110,ICD-10 (2001-),Legal Drugs,Legal Drug-Related Deaths,override
F111,ICD-10 (2001-),Legal Drugs,Legal Drug-Related Deaths,override
F112,ICD-10 (2001-),Drugs,Drug-Related Deaths,override
F119,ICD-10 (2001-),Drugs,Drug-Related Deaths,override
F121,ICD-10 (2001-),Drugs,Drug-Related Deaths,override
F122,ICD-10 (2001-),Drugs,Drug-Related Deaths,override
F123,ICD-10 (2001-),Drugs,Drug-Related Deaths,override
F125,ICD-10 (2001-),Drugs,Drug-Related Deaths,override
F129,ICD-10 (2001-),Drugs,Drug-Related Deaths,override
F131,ICD-10 (2001-),Drugs,Drug-Related Deaths,override
F132,ICD-10 (2001-),Drugs,Drug-Related Deaths,override
F133,ICD-10 (2001-),Drugs,Drug-Related Deaths,override
F139,ICD-10 (2001-),Drugs,Drug-Related Deaths,override
F140,ICD-10 (2001-),Drugs,Drug-Related Deaths,override
F141,ICD-10 (2001-),Drugs,Drug-Related Deaths,override
F142,ICD-10 (2001-),Drugs,Drug-Related Deaths,override
F149,ICD-10 (2001-),Drugs,Drug-Related Deaths,override
F151,ICD-10 (2001-),Drugs,Drug-Related Deaths,override
F152,ICD-10 (2001-),Drugs,Drug-Related Deaths,override
F155,ICD-10 (2001-),Drugs,Drug-Related Deaths,override
F159,ICD-10 (2001-),Drugs,Drug-Related Deaths,override
F161,ICD-10 (2001-),Drugs,Drug-Related Deaths,override
F172,ICD-10 (2001-),Drugs,Drug-Related Deaths,override
F177,ICD-10 (2001-),Legal Drugs,Legal Drug-Related Deaths,override
F179,ICD-10 (2001-),Legal Drugs,Legal Drug-Related Deaths,override
F181,ICD-10 (2001-),Legal Drugs,Legal Drug-Related Deaths,override
F182,ICD-10 (2001-),Drugs,Drug-Related Deaths,override
F189,ICD-10 (2001-),Drugs,Drug-Related Deaths,override
F190,ICD-10 (2001-),Drugs,Drug-Related Deaths,override
F191,ICD-10 (2001-),Drugs,Drug-Related Deaths,override
F192,ICD-10 (2001-),Drugs,Drug-Related Deaths,override
F193,ICD-10 (2001-),Drugs,Drug-Related Deaths,override
F195,ICD-10 (2001-),Drugs,Drug-Related Deaths,override
F197,ICD-10 (2001-),Drugs,Drug-Related Deaths,override
F199,ICD-10 (2001-),Drugs,Drug-Related Deaths,override
F200,ICD-10 (2001-),Drugs,Drug-Related Deaths,override
Y381,ICD-10 (2001-),War,War and War-Related Deaths,override
Y400,ICD-10 (2001-),War,War and War-Related Deaths,override
Y401,ICD-10 (2001-),War,War and War-Related Deaths,override
Y404,ICD-10 (2001-),War,War and War-Related Deaths,override
Y408,ICD-10 (2001-),War,War and War-Related Deaths,override
Y409,ICD-10 (2001-),War,War and War-Related Deaths,override
Y410,ICD-10 (2001-),War,War and War-Related Deaths,override
Y412,ICD-10 (2001-),War,War and War-Related Deaths,override
Y418,ICD-10 (2001-),War,War and War-Related Deaths,override
Y420,ICD-10 (2001-),War,War and War-Related Deaths,override
Y427,ICD-10 (2001-),War,War and War-Related Deaths,override
Y428,ICD-10 (2001-),War,War and War-Related Deaths,override
Y431,ICD-10 (2001-),War,War and War-Related Deaths,override
Y433,ICD-10 (2001-),War,War and War-Related Deaths,override
Y440,ICD-10 (2001-),War,War and War-Related Deaths,override
Y442,ICD-10 (2001-),War,War and War-Related Deaths,override
Y445,ICD-10 (2001-),War,War and War-Related Deaths,override
Y447,ICD-10 (2001-),War,War and War-Related Deaths,override
Y450,ICD-10 (2001-),War,War and War-Related Deaths,override
Y451,ICD-10 (2001-),War,War and War-Related Deaths,override
Y452,ICD-10 (2001-),War,War and War-Related Deaths,override
Y453,ICD-10 (2001-),War,War and War-Related Deaths,override
Y455,ICD-10 (2001-),War,War and War-Related Deaths,override
Y458,ICD-10 (2001-),War,War and War-Related Deaths,override
Y459,ICD-10 (2001-),War,War and War-Related Deaths,override
Y462,ICD-10 (2001-),War,War and War-Related Deaths,override
Y466,ICD-10 (2001-),War,War and War-Related Deaths,override
Y471,ICD-10 (2001-),War,War and War-Related Deaths,override
Y474,ICD-10 (2001-),War,War and War-Related Deaths,override
Y480,ICD-10 (2001-),War,War and War-Related Deaths,override
Y481,ICD-10 (2001-),War,War and War-Related Deaths,override
Y482,ICD-10 (2001-),War,War and War-Related Deaths,override
Y483,ICD-10 (2001-),War,War and War-Related Deaths,override
Y484,ICD-10 (2001-),War,War and War-Related Deaths,override
Y492,ICD-10 (2001-),War,War and War-Related Deaths,override
Y493,ICD-10 (2001-),War,War and War-Related Deaths,override
Y494,ICD-10 (2001-),War,War and War-Related Deaths,override
Y495,ICD-10 (2001-),War,War and War-Related Deaths,override
Y496,ICD-10 (2001-),War,War and War-Related Deaths,override
Y517,ICD-10 (2001-),War,War and War-Related Deaths,override
Y520,ICD-10 (2001-),War,War and War-Related Deaths,override
Y521,ICD-10 (2001-),War,War and War-Related Deaths,override
Y524,ICD-10 (2001-),War,War and War-Related Deaths,override
Y525,ICD-10 (2001-),War,War and War-Related Deaths,override
Y536,ICD-10 (2001-),War,War and War-Related Deaths,override
Y546,ICD-10 (2001-),War,War and War-Related Deaths,override
Y548,ICD-10 (2001-),War,War and War-Related Deaths,override
Y551,ICD-10 (2001-),War,War and War-Related Deaths,override
Y560,ICD-10 (2001-),War,War and War-Related Deaths,override
Y564,ICD-10 (2001-),War,War and War-Related Deaths,override
Y566,ICD-10 (2001-),War,War and War-Related Deaths,override
Y570,ICD-10 (2001-),War,War and War-Related Deaths,override
Y575,ICD-10 (2001-),War,War and War-Related Deaths,override
Y576,ICD-10 (2001-),War,War and War-Related Deaths,override
Y578,ICD-10 (2001-),War,War and War-Related Deaths,override
Y579,ICD-10 (2001-),War,War and War-Related Deaths,override
Y599,ICD-10 (2001-),War,War and War-Related Deaths,override
Y600,ICD-10 (2001-),War,War and War-Related Deaths,override
Y601,ICD-10 (2001-),War,War and War-Related Deaths,override
Y602,ICD-10 (2001-),War,War and War-Related Deaths,override
Y603,ICD-10 (2001-),War,War and War-Related Deaths,override
Y604,ICD-10 (2001-),War,War and War-Related Deaths,override
Y605,ICD-10 (2001-),War,War and War-Related Deaths,override
Y606,ICD-10 (2001-),War,War and War-Related Deaths,override
Y607,ICD-10 (2001-),War,War and War-Related Deaths,override
Y608,ICD-10 (2001-),War,War and War-Related Deaths,override
Y609,ICD-10 (2001-),War,War and War-Related Deaths,override
Y614,ICD-10 (2001-),War,War and War-Related Deaths,override

